Price List ID,Price List Name,Product Name,Variant ID,SKU,Qty  Band 1,Price 1,Qty Band 2,Price 2,Qty Band 3,Price 3
16,Distributor UK Single,Extra Large Deep Pile Bath Rug 1600gsm,1580,TBR01,1,15.75,5,15.75,25,13.97
16,Distributor UK Single,Contract Face Cloth 350gsm,1581,TCFC01,1,0.43,5,0.43,440,0.43
16,Distributor UK Single,Monaco Towel Gift Bale,1582,,,,,,,
16,Distributor UK Single,Personalised Deluxe Dressing gown and towel gift set,1584,MONOGRAMGIFTSET : MONOGRAMGIFTSETM,,,,,,
16,Distributor UK Single,Personalised Deluxe Dressing gown and towel gift set,1585,MONOGRAMGIFTSET : MONOGRAMGIFTSETXL,,,,,,
16,Distributor UK Single,Biodegradable Cotton Slippers with Cork Sole,1590,SCCLBIOCS,1,1.11,100,1.11,,
16,Distributor UK Single,SupremeSoft�� 300gsm Head,1592,TSUP&gt; : TSUPHB16,,,,,,
16,Distributor UK Single,SupremeSoft�� 300gsm Head,1593,TSUP&gt; : TSUPHB01,,,,,,
16,Distributor UK Single,SupremeSoft�� Deluxe 400gsm Treatment T,1595,TSUP400 : TSUP400TB01,1,26.95,5,26.95,10,26.95
16,Distributor UK Single,SupremeSoft�� Deluxe 400gsm Treatment T,1596,TSUP400 : TSUP400TBHHC01,1,32.17,4,32.17,8,32.17
16,Distributor UK Single,SupremeSoft�� Deluxe 400gsm Bath,1598,BSUP400 : BSUP400M01,1,27.41,5,27.41,10,27.41
16,Distributor UK Single,SupremeSoft�� Deluxe 400gsm Bath,1599,BSUP400 : BSUP400XL01,1,27.41,5,27.41,10,27.41
16,Distributor UK Single,Mystery Gift,1600,Mystery Gift,,,,,,
16,Distributor UK Single,Comfy Premium GOLD Bath Sheet 100x150cm,1601,TCOB1510,1,4.4,5,4.4,20,4.4
16,Distributor UK Single,Disposable White Flip Flops,1602,SRUFLDISP,1,0.32,200,0.28,,
16,Distributor UK Single,Thong Style Luxury Slippers,1603,STOFL01,1,0.95,100,0.84,,
16,Distributor UK Single,Pure Linen Duvet,1604,LPUD01,1,24.21,5,24.21,,
16,Distributor UK Single,Presentation Box,1605,Gift-Box-XL,,,,,,
16,Distributor UK Single,Waterproof Pillow Protector,1606,LPUPWP01,1,2.27,5,2.27,,
16,Distributor UK Single,Closed Toe Towelling Slippers,1607,STOCLBB01,1,0.95,100,0.68,,
16,Distributor UK Single,Open Toe Luxury Velour Slippers,1608,SVEOPBB01,1,0.95,100,0.78,,
16,Distributor UK Single,Comfy 450gsm Fitness Towel Pebble,1609,TCOHTFITNESS35,,,,,,
16,Distributor UK Single,Biodegradable Slippers with Coir Sole,1611,SCCLBIO01,1,1.43,100,1.43,,
16,Distributor UK Single,Open Toe Waffle Slippers,1612,SWAOPBB01,1,0.95,100,0.78,,
16,Distributor UK Single,Face Mask - Non Medical,1613,FMC11,1,1.93,5,1.93,100,1.93
16,Distributor UK Single,Waffle Lounge and Pool Chair Covers 350gsm,1614,TSELCC16,1,20.32,5,20.32,12,20.32
16,Distributor UK Single,Comfy Pebble Treatment Bed Makeover Kit - No Head Hole,1615,TMOCO35,,,,,,
16,Distributor UK Single,Comfy Pebble Treatment Bed Makeover Kit - With Head Hole,1616,TMOCOHH35,,,,,,
16,Distributor UK Single,Comfy Slate Grey Treatment Bed Makeover Kit - No Head Hole,1617,TMOCO16,,,,,,
16,Distributor UK Single,Comfy Slate Grey Treatment Bed Makeover Kit - With Head Hole,1618,TMOCOHH16,,,,,,
16,Distributor UK Single,Comfy Treatment Bed Makeover Kit Slate & Silver Grey without Head Hole,1619,TMOCO16/14,,,,,,
16,Distributor UK Single,TMOCOHH16/14,1620,TMOCOHH16/14,,,,,,
16,Distributor UK Single,TMOCO16/01,1621,TMOCO16/01,,,,,,
16,Distributor UK Single,TMOCOHH16/01,1622,TMOCOHH16/01,,,,,,
16,Distributor UK Single,TMOCO01/16,1623,TMOCO01/16,,,,,,
16,Distributor UK Single,TMOCO16/19,1624,TMOCO16/19,,,,,,
16,Distributor UK Single,TMOCOHH16/19,1625,TMOCOHH16/19,,,,,,
16,Distributor UK Single,TMOCO19/16,1626,TMOCO19/16,,,,,,
16,Distributor UK Single,TMOCOHH19/16,1627,TMOCOHH19/16,,,,,,
16,Distributor UK Single,Sumptuous Treatment Bed Makeover Kit Pebble without Head Hole,1628,TMOSU35,,,,,,
16,Distributor UK Single,TMOSU16/01,1629,TMOSU16/01,,,,,,
16,Distributor UK Single,TMOSUHH16/01,1630,TMOSUHH16/01,,,,,,
16,Distributor UK Single,TMOSUHH01/16,1631,TMOSUHH01/16,,,,,,
16,Distributor UK Single,TMOSU01/16,1632,TMOSU01/16,,,,,,
16,Distributor UK Single,TMOSU04/35,1633,TMOSU04/35,,,,,,
16,Distributor UK Single,TMOSUHH04/35,1634,TMOSUHH04/35,,,,,,
16,Distributor UK Single,TMOSU35/02,1635,TMOSU35/02,,,,,,
16,Distributor UK Single,TMOSUHH35/04,1636,TMOSUHH35/04,,,,,,
16,Distributor UK Single,Comfy White Treatment Bed Makeover Kit ��� With Hea,1637,TMOCOHH01,,,,,,
16,Distributor UK Single,Hotel Cotton Laundry Bag,1638,LAUNDRYBAG,,,,,,
16,Distributor UK Single,Pure Linen Duvet Cover,1659,LPUDC01,1,15.37,5,15.37,,
16,Distributor UK Single,Woolly Soft Acrylic & Cotton Blanket 450gsm,1661,BL : BLFLEEC03,1,14.35,3,14.35,6,14.35
16,Distributor UK Single,Woolly Soft Acrylic & Cotton Blanket 450gsm,1662,BL : BLFLEEC08,1,14.35,3,14.35,6,14.35
16,Distributor UK Single,Woolly Soft Acrylic & Cotton Blanket 450gsm,1663,BL : BLFLEEC16,1,14.35,3,14.35,6,14.35
16,Distributor UK Single,Woolly Soft Acrylic & Cotton Blanket 450gsm,1664,BL : BLFLEEC19,,,,,,
16,Distributor UK Single,Woolly Soft Acrylic & Cotton Blanket 450gsm,1665,BL : BLFLEEC40,1,14.35,3,14.35,6,14.35
16,Distributor UK Single,Treatment Pillow,1678,LPUP01,1,5.05,5,5.05,,
16,Distributor UK Single,Leisure Towels 350gsm,1680,TLE : TLEBT02,1,4.39,5,4.39,40,3.95
16,Distributor UK Single,Leisure Towels 350gsm,1681,TLE : TLEHT02,1,1.77,40,1.77,80,1.61
16,Distributor UK Single,Leisure Towels 350gsm,1682,TLE : TLEBS02,1,5.74,5,5.74,28,5.74
16,Distributor UK Single,Lido Leisure Towel 420gsm,1684,TLL : TLLB1501,1,10.33,5,10.33,22,10.33
16,Distributor UK Single,Lido Leisure Towel 420gsm,1685,TLL : TLLB1516,1,10.33,5,10.33,22,10.33
16,Distributor UK Single,Monaco Towels 770gsm,1687,TMO : TMOBM01,1,5.05,5,5.05,40,5.05
16,Distributor UK Single,Monaco Towels 770gsm,1688,TMO : TMOBS01,1,17.26,5,17.26,10,17.26
16,Distributor UK Single,Monaco Towels 770gsm,1689,TMO : TMOHT01,1,5.42,5,5.42,36,5.42
16,Distributor UK Single,Opulence Towels 650 gsm,1691,TOP : TOPFC01,1,0.84,108,0.84,240,0.84
16,Distributor UK Single,Opulence Towels 650 gsm,1692,TOP : TOPHT01,1,4.01,5,4.01,36,4.01
16,Distributor UK Single,Opulence Towels 650 gsm,1693,TOP : TOPBS01,1,13.04,5,13.04,12,13.04
16,Distributor UK Single,Pure Linen - Treatment Pillow Case,1694,LPUPC01,1,1.81,5,1.81,,
16,Distributor UK Single,Exquisite Velour Bathrobe 400gsm,1710,BEX : BEXBL01,,,,,,
16,Distributor UK Single,Exquisite Velour Bathrobe 400gsm,1711,BEX : BEXM01,1,39.54,5,39.54,10,39.54
16,Distributor UK Single,Exquisite Velour Bathrobe 400gsm,1712,BEX : BEXXL01,1,39.54,5,39.54,10,39.54
16,Distributor UK Single,Fleece Super Soft Bathrobe 300gsm,1720,BFL : BFLBL01,,,,,,
16,Distributor UK Single,Fleece Super Soft Bathrobe 300gsm,1721,BFL : BFLBL16,,,,,,
16,Distributor UK Single,Fleece Super Soft Bathrobe 300gsm,1722,BFL : BFLXL01,1,22.59,5,22.59,10,22.59
16,Distributor UK Single,Fleece Super Soft Bathrobe 300gsm,1723,BFL : BFLXL16,1,22.59,5,22.59,10,22.59
16,Distributor UK Single,Fleece Super Soft Bathrobe 300gsm,1724,BFL : BFLM01,1,22.59,5,22.59,10,22.59
16,Distributor UK Single,Fleece Super Soft Bathrobe 300gsm,1725,BFL : BFLM16,1,22.59,5,22.59,10,22.59
16,Distributor UK Single,Florida Seersucker Bathrobe 360gsm,1727,BFSS : BFSSXL01,1,20.45,5,20.45,10,20.45
16,Distributor UK Single,Finesse Lightweight Bathrobe 270gsm,1729,BAV : BAVBL01,,,,,,
16,Distributor UK Single,Finesse Lightweight Bathrobe 270gsm,1730,BAV : BAVM01,1,26.66,5,26.66,20,26.66
16,Distributor UK Single,Finesse Lightweight Bathrobe 270gsm,1731,BAV : BAVXL01,1,26.66,5,26.66,20,26.66
16,Distributor UK Single,Bamboo Bathrobe 500gsm,1732,BBAMXL01,1,19.53,5,19.53,10,19.53
16,Distributor UK Single,Comfy 400gsm Egyptian Cotton Bathrobe For Kids,1734,BCOCH : BCOCHBL01,,,,,,
16,Distributor UK Single,Comfy 400gsm Egyptian Cotton Bathrobe For Kids,1735,BCOCH : BCOCH1101,1,15.69,5,15.69,16,15.69
16,Distributor UK Single,Comfy 400gsm Egyptian Cotton Bathrobe For Kids,1736,BCOCH : BCOCH201,1,13.84,5,13.84,20,13.84
16,Distributor UK Single,Comfy 400gsm Egyptian Cotton Bathrobe For Kids,1737,BCOCH : BCOCH501,1,13.84,5,13.84,20,13.84
16,Distributor UK Single,Comfy 400gsm Egyptian Cotton Bathrobe For Kids,1738,BCOCH : BCOCH701,1,13.84,5,13.84,20,13.84
16,Distributor UK Single,Comfy 400gsm Egyptian Cotton Bathrobe For Kids,1739,BCOCH : BCOCH901,1,15.69,5,15.69,16,15.69
16,Distributor UK Single,Hamptons Bathrobe 380gsm,1741,BHA : BHAM38,1,34.17,5,34.17,10,34.17
16,Distributor UK Single,Hamptons Bathrobe 380gsm,1742,BHA : BHAXL38,1,34.17,5,34.17,10,34.17
16,Distributor UK Single,Healthy Waffle Effect Towelling Bathrobe 350gsm,1744,BHE : BHEXXL08,,,,,,
16,Distributor UK Single,Healthy Waffle Effect Towelling Bathrobe 350gsm,1745,BHE : BHEBL01,,,,,,
16,Distributor UK Single,Healthy Waffle Effect Towelling Bathrobe 350gsm,1747,BHE : BHEBL03,,,,,,
16,Distributor UK Single,Healthy Waffle Effect Towelling Bathrobe 350gsm,1748,BHE : BHEBL04,,,,,,
16,Distributor UK Single,Healthy Waffle Effect Towelling Bathrobe 350gsm,1749,BHE : BHEBL16,,,,,,
16,Distributor UK Single,Healthy Waffle Effect Towelling Bathrobe 350gsm,1751,BHE : BHEBL35,,,,,,
16,Distributor UK Single,Healthy Waffle Effect Towelling Bathrobe 350gsm,1752,BHE : BHEM01,1,21.2,5,21.2,12,21.2
16,Distributor UK Single,Healthy Waffle Effect Towelling Bathrobe 350gsm,1753,BHE : BHEM03,,,,,,
16,Distributor UK Single,Healthy Waffle Effect Towelling Bathrobe 350gsm,1754,BHE : BHEM04,1,26.2,5,26.2,12,26.2
16,Distributor UK Single,Healthy Waffle Effect Towelling Bathrobe 350gsm,1755,BHE : BHEM16,1,26.2,5,26.2,12,26.2
16,Distributor UK Single,Healthy Waffle Effect Towelling Bathrobe 350gsm,1757,BHE : BHEM35,1,26.2,5,26.2,12,26.2
16,Distributor UK Single,Healthy Waffle Effect Towelling Bathrobe 350gsm,1758,BHE : BHEXL01,1,21.2,5,21.2,12,21.2
16,Distributor UK Single,Healthy Waffle Effect Towelling Bathrobe 350gsm,1759,BHE : BHEXL03,1,26.2,5,26.2,12,23.84
16,Distributor UK Single,Healthy Waffle Effect Towelling Bathrobe 350gsm,1760,BHE : BHEXL04,1,26.2,5,26.2,12,26.2
16,Distributor UK Single,Healthy Waffle Effect Towelling Bathrobe 350gsm,1761,BHE : BHEXL16,1,26.2,5,26.2,12,26.2
16,Distributor UK Single,Healthy Waffle Effect Towelling Bathrobe 350gsm,1763,BHE : BHEXL35,1,26.2,5,26.2,12,26.2
16,Distributor UK Single,Healthy Waffle Effect Towelling Bathrobe 350gsm,1764,BHE : BHEXXL01,1,22.54,5,22.54,10,22.54
16,Distributor UK Single,Healthy Waffle Effect Towelling Bathrobe 350gsm,1765,BHE : BHEXXL04,1,28.35,5,28.35,10,28.35
16,Distributor UK Single,Healthy Waffle Effect Towelling Bathrobe 350gsm,1766,BHE : BHEXXL16,1,28.35,5,28.35,10,28.35
16,Distributor UK Single,Healthy Waffle Effect Towelling Bathrobe 350gsm,1767,BHE : BHEXXL35,1,28.35,5,28.35,10,28.35
16,Distributor UK Single,Headstrong Bleach Resistant VAT Dyed Salon Hair Towels  350gsm,1770,TC : TCHTVD08,1,3.98,12,3.98,96,3.98
16,Distributor UK Single,Headstrong Bleach Resistant VAT Dyed Salon Hair Towels  350gsm,1771,TC : TCHTVD16,1,3.01,12,3.01,96,3.01
16,Distributor UK Single,Comfy Coloured Bath Mats 700gsm,1773,TCO+ : TCOBM01,1,3.24,5,3.24,54,3.24
16,Distributor UK Single,Comfy Coloured Bath Mats 700gsm,1774,TCO+ : TCOBM02,,,,,,
16,Distributor UK Single,Comfy Coloured Bath Mats 700gsm,1775,TCO+ : TCOBM03,1,5.47,5,5.47,54,5.47
16,Distributor UK Single,Comfy Coloured Bath Mats 700gsm,1776,TCO+ : TCOBM04,1,5.47,5,5.47,54,5.47
16,Distributor UK Single,Comfy Coloured Bath Mats 700gsm,1777,TCO+ : TCOBM14,1,2.74,5,2.74,54,2.74
16,Distributor UK Single,Comfy Coloured Bath Mats 700gsm,1778,TCO+ : TCOBM16,1,5.47,5,5.47,54,5.47
16,Distributor UK Single,Comfy Coloured Bath Mats 700gsm,1779,TCO+ : TCOBM19,,,,,,
16,Distributor UK Single,Comfy Coloured Bath Mats 700gsm,1780,TCO+ : TCOBM20,1,5.47,5,5.47,60,5.47
16,Distributor UK Single,Comfy Coloured Bath Mats 700gsm,1781,TCO+ : TCOBM35,1,5.47,5,5.47,54,5.47
16,Distributor UK Single,Comfy Guest/Manicure Towel 450gsm,1830,TCO. : TCOGT01,1,1.06,10,1.06,216,1.06
16,Distributor UK Single,Comfy Guest/Manicure Towel 450gsm,1831,TCO. : TCOGT16,1,1.3,5,1.3,216,1.3
16,Distributor UK Single,Comfy Guest/Manicure Towel 450gsm,1832,TCO. : TCOGT35,1,1.3,5,1.3,216,1.3
16,Distributor UK Single,Pure Linen Treatment Bed Single Sheet,1847,LP : LPUS01,1,15.37,5,15.37,,
16,Distributor UK Single,Pure Linen Treatment Bed Single Sheet,1848,LP : LPUS14,1,15.37,5,15.37,,
16,Distributor UK Single,Pure Linen Treatment Bed Single Sheet,1849,LP : LPUS35,1,15.37,5,15.37,,
16,Distributor UK Single,Pure Linen Treatment Bed Single Sheet,1850,LP : LPUSPS,1,9.21,5,9.21,,
16,Distributor UK Single,Luxury Fleece Closed Toe Slipper,1852,SFLCL : SFLCLM01,1,1.28,50,1.22,,
16,Distributor UK Single,Luxury Fleece Closed Toe Slipper,1853,SFLCL : SFLCLXL01,1,1.28,50,1.22,,
16,Distributor UK Single,Cotton Hotel Slipper and Shoe Bags,1855,SHOEBAG : SHOEBAGC01,,,,,,
16,Distributor UK Single,Cotton Hotel Slipper and Shoe Bags,1856,SHOEBAG : SHOEBAGC03,,,,,,
16,Distributor UK Single,Open Toe Towelling Slippers,1865,STO : STOOP01,1,0.95,100,0.95,,
16,Distributor UK Single,Open Toe Towelling Slippers,1866,STO : STOOPXLBB01,1,0.95,100,0.68,,
16,Distributor UK Single,Open Toe Towelling Slippers,1867,STO : STOOPBB01,1,0.95,100,0.95,,
16,Distributor UK Single,Towelling Waffle Pattern Headband,1877,TSE. : TSEHB03,1,1.99,25,1.99,,
16,Distributor UK Single,Serenity Spa Waffle Towels 450gsm,1879,TSE : TSEBS03,1,12.71,5,12.71,20,12.71
16,Distributor UK Single,Serenity Spa Waffle Towels 450gsm,1880,TSE : TSEBS04,1,12.71,5,12.71,20,12.71
16,Distributor UK Single,Serenity Spa Waffle Towels 450gsm,1881,TSE : TSEBS16,1,12.71,5,12.71,20,12.71
16,Distributor UK Single,Serenity Spa Waffle Towels 450gsm,1882,TSE : TSEBS35,1,12.71,5,12.71,20,12.71
16,Distributor UK Single,Serenity Spa Waffle Towels 450gsm,1883,TSE : TSEBT01,1,5.32,5,5.32,36,5.32
16,Distributor UK Single,Serenity Spa Waffle Towels 450gsm,1884,TSE : TSEBT03,1,6.62,5,6.62,36,6.62
16,Distributor UK Single,Serenity Spa Waffle Towels 450gsm,1885,TSE : TSEBT16,1,6.62,5,6.62,36,6.62
16,Distributor UK Single,Serenity Spa Waffle Towels 450gsm,1886,TSE : TSEBT35,1,6.62,5,6.62,36,6.62
16,Distributor UK Single,Serenity Spa Waffle Towels 450gsm,1887,TSE : TSEHT03,1,3.65,5,3.65,60,3.65
16,Distributor UK Single,Serenity Spa Waffle Towels 450gsm,1888,TSE : TSEHT04,1,3.65,5,3.65,60,3.65
16,Distributor UK Single,Serenity Spa Waffle Towels 450gsm,1889,TSE : TSEHT16,1,3.65,5,3.65,60,3.65
16,Distributor UK Single,Serenity Spa Waffle Towels 450gsm,1890,TSE : TSEHT35,1,3.65,5,3.65,60,3.65
16,Distributor UK Single,Serenity Spa Waffle Towels 450gsm,1891,TSE : TSEBT04,1,6.62,5,6.62,36,6.62
16,Distributor UK Single,Serenity Spa Waffle Towels 450gsm,1892,TSE : TSEBS01,1,10.69,5,10.69,20,10.69
16,Distributor UK Single,Serenity Spa Waffle Towels 450gsm,1893,TSE : TSEHT01,1,3.15,5,3.15,60,3.15
16,Distributor UK Single,Serenity Waffle Jumbo Sheets,1895,TSE++ : TSEJS01,1,11.48,5,11.48,16,11.48
16,Distributor UK Single,Serenity Waffle Jumbo Sheets,1896,TSE++ : TSEJS03,1,14.26,5,14.26,16,14.26
16,Distributor UK Single,Serenity Waffle Jumbo Sheets,1897,TSE++ : TSEJS04,1,14.26,5,14.26,16,14.26
16,Distributor UK Single,Serenity Waffle Jumbo Sheets,1898,TSE++ : TSEJS08,1,14.26,5,14.26,16,14.26
16,Distributor UK Single,Serenity Waffle Jumbo Sheets,1899,TSE++ : TSEJS16,1,14.26,5,14.26,16,14.26
16,Distributor UK Single,Serenity Waffle Jumbo Sheets,1901,TSE++ : TSEJS35,1,14.26,5,14.26,16,14.26
16,Distributor UK Single,Serenity Waffle Jumbo Sheets,1902,TSE++ : TSEJSHH01,1,12.5,5,12.5,16,12.5
16,Distributor UK Single,Serenity Waffle Jumbo Sheets,1903,TSE++ : TSEJSHH03,1,15.37,5,15.37,8,15.37
16,Distributor UK Single,Serenity Waffle Jumbo Sheets,1904,TSE++ : TSEJSHH04,1,15.37,5,15.37,8,15.37
16,Distributor UK Single,Serenity Waffle Jumbo Sheets,1905,TSE++ : TSEJSHH08,1,15.37,5,15.37,8,15.37
16,Distributor UK Single,Serenity Waffle Jumbo Sheets,1906,TSE++ : TSEJSHH16,1,15.37,5,15.37,16,15.37
16,Distributor UK Single,Serenity Waffle Jumbo Sheets,1908,TSE++ : TSEJSHH35,1,15.37,5,15.37,16,15.37
16,Distributor UK Single,Serenity Waffle Couch Cover 350gsm,1910,TSE+ : TSETRXL01,1,26.39,5,26.39,8,26.39
16,Distributor UK Single,Serenity Waffle Couch Cover 350gsm,1912,TSE+ : TSETRXL03,1,29.02,5,29.02,8,29.02
16,Distributor UK Single,Serenity Waffle Couch Cover 350gsm,1913,TSE+ : TSETRXL04,1,29.02,5,29.02,8,29.02
16,Distributor UK Single,Serenity Waffle Couch Cover 350gsm,1914,TSE+ : TSETRXL08,1,29.02,5,29.02,8,29.02
16,Distributor UK Single,Serenity Waffle Couch Cover 350gsm,1915,TSE+ : TSETRXL16,1,29.02,5,29.02,8,29.02
16,Distributor UK Single,Serenity Waffle Couch Cover 350gsm,1916,TSE+ : TSETRXL19,,,,,,
16,Distributor UK Single,Serenity Waffle Couch Cover 350gsm,1917,TSE+ : TSETRXL35,1,29.02,5,29.02,8,29.02
16,Distributor UK Single,Serenity Waffle Couch Cover 350gsm,1918,TSE+ : TSETRXLHH01,1,27.22,5,27.22,8,27.22
16,Distributor UK Single,Serenity Waffle Couch Cover 350gsm,1919,TSE+ : TSETRXLHH03,1,30.04,5,30.04,8,30.04
16,Distributor UK Single,Serenity Waffle Couch Cover 350gsm,1920,TSE+ : TSETRXLHH04,1,30.04,5,30.04,8,30.04
16,Distributor UK Single,Serenity Waffle Couch Cover 350gsm,1921,TSE+ : TSETRXLHH08,1,30.04,5,30.04,8,30.04
16,Distributor UK Single,Serenity Waffle Couch Cover 350gsm,1922,TSE+ : TSETRXLHH16,1,30.04,5,30.04,8,30.04
16,Distributor UK Single,Serenity Waffle Couch Cover 350gsm,1923,TSE+ : TSETRXLHH19,,,,,,
16,Distributor UK Single,Serenity Waffle Couch Cover 350gsm,1924,TSE+ : TSETRXLHH35,1,30.04,5,30.04,8,30.04
16,Distributor UK Single,SmartKnit�� Towels 45,1934,TSK : TSK450FC01,1,0.69,108,0.69,216,0.63
16,Distributor UK Single,SmartKnit�� Towels 45,1935,TSK : TSK450HO01,1,1.69,10,1.69,100,1.54
16,Distributor UK Single,SmartKnit�� Towels 45,1936,TSK : TSK450BS16,1,12.92,5,12.92,20,12.92
16,Distributor UK Single,SmartKnit�� Towels 45,1937,TSK : TSK450BS35,1,12.92,5,12.92,20,12.92
16,Distributor UK Single,SmartKnit�� Towels 45,1938,TSK : TSK450BS501,1,7.88,5,7.88,20,7.88
16,Distributor UK Single,SmartKnit�� Towels 45,1939,TSK : TSK450BT01,1,4.4,5,4.4,36,4.4
16,Distributor UK Single,SmartKnit�� Towels 45,1940,TSK : TSK450BT16,1,6.76,5,6.76,36,6.76
16,Distributor UK Single,SmartKnit�� Towels 45,1941,TSK : TSK450BT35,1,6.76,5,6.76,36,6.76
16,Distributor UK Single,SmartKnit�� Towels 45,1942,TSK : TSK450HT01,1,2.83,5,2.83,60,2.83
16,Distributor UK Single,SmartKnit�� Towels 45,1943,TSK : TSK450HT35,1,3.38,5,3.38,60,3.38
16,Distributor UK Single,SmartKnit�� Towels 45,1944,TSK : TSK450HT16,1,3.38,5,3.38,60,3.38
16,Distributor UK Single,SupremeSoft Face Cradle Covers For Couches,1950,TSUP++ : TSUPC01,,,,,,
16,Distributor UK Single,SupremeSoft Face Cradle Covers For Couches,1951,TSUP++ : TSUPC16,,,,,,
16,Distributor UK Single,SupremeSoft�� Couch Co,1955,TSUP : TSUPCCF01,1,36.57,5,36.57,8,36.57
16,Distributor UK Single,SupremeSoft�� Couch Co,1956,TSUP : TSUPCCF16,1,46.24,5,46.24,8,46.24
16,Distributor UK Single,SupremeSoft�� Couch Co,1957,TSUP : TSUPCCF35,1,46.24,5,46.24,8,46.24
16,Distributor UK Single,SupremeSoft�� Couch Co,1958,TSUP : TSUPCCFHH01,1,38.19,5,38.19,8,38.19
16,Distributor UK Single,SupremeSoft�� Couch Co,1959,TSUP : TSUPCCFHH16,1,48.32,5,48.32,8,48.32
16,Distributor UK Single,SupremeSoft�� Couch Co,1960,TSUP : TSUPCCFHH35,1,48.32,5,48.32,8,48.32
16,Distributor UK Single,Non Woven Spa Bag,1961,NWCBAGPL,,,,,,
16,Distributor UK Single,SupremeSoft�� Jumbo Sh,1963,TSUP. : TSUPJS13,1,14.13,5,14.13,20,12.84
16,Distributor UK Single,SupremeSoft�� Jumbo Sh,1964,TSUP. : TSUPJSHH13,1,16.79,5,16.79,20,15.26
16,Distributor UK Single,SupremeSoft�� Jumbo Sh,1965,TSUP. : TSUPJS01,1,13.24,5,13.24,20,13.24
16,Distributor UK Single,SupremeSoft�� Jumbo Sh,1966,TSUP. : TSUPJS16,1,14.13,5,14.13,20,14.13
16,Distributor UK Single,SupremeSoft�� Jumbo Sh,1967,TSUP. : TSUPJS35,1,14.13,5,14.13,20,14.13
16,Distributor UK Single,SupremeSoft�� Jumbo Sh,1968,TSUP. : TSUPJSHH01,1,14.61,5,14.61,20,14.61
16,Distributor UK Single,SupremeSoft�� Jumbo Sh,1969,TSUP. : TSUPJSHH16,1,16.79,5,16.79,20,16.79
16,Distributor UK Single,SupremeSoft�� Jumbo Sh,1970,TSUP. : TSUPJSHH35,1,16.79,5,16.79,20,16.79
16,Distributor UK Single,Sporty Waffle Bathrobe 220gsm,1981,BSP : BSPBL01,,,,,,
16,Distributor UK Single,Sporty Waffle Bathrobe 220gsm,1982,BSP : BSPXL01,1,16.89,5,16.89,20,16.89
16,Distributor UK Single,Elegance Luxury Velour Bathrobe No Hood 400gsm,2017,BVE : BELBL01,,,,,,
16,Distributor UK Single,Elegance Luxury Velour Bathrobe No Hood 400gsm,2018,BVE : BELNHXL01,1,33.88,5,33.88,8,33.88
16,Distributor UK Single,Elegance Luxury Velour Bathrobe No Hood 400gsm,2019,BVE : BELNHM01,1,33.88,5,33.88,8,33.88
16,Distributor UK Single,Elegance Luxury Velour Bathrobe With Hood 400gsm,2021,BVEPLW : BELWHM01,1,34.99,5,34.99,8,34.99
16,Distributor UK Single,Elegance Luxury Velour Bathrobe With Hood 400gsm,2022,BVEPLW : BELWHXL01,1,34.99,5,34.99,8,34.99
16,Distributor UK Single,Velvety Lite Velour Bathrobe 350gsm,2024,BVL : BVLM01,1,24.63,5,24.63,12,24.63
16,Distributor UK Single,Velvety Lite Velour Bathrobe 350gsm,2025,BVL : BVLXL01,1,24.63,5,24.63,12,24.63
16,Distributor UK Single,Comfy White Treatment Bed Makeover Kit - No Head Hole,2026,TMOCO01,,,,,,
16,Distributor UK Single,Organza Bags For Slippers & Flip Flops,2027,ORGBAG,,,,,,
16,Distributor UK Single,SmartKnit�� Head,2029,TSK+ : TSKHB01,1,1.81,10,1.81,,
16,Distributor UK Single,Therapist's Professional Waffle Couch Kit - 2 Jumbo Sheets,2040,TSEMTK : TSEMTKJS01,,,,,,
16,Distributor UK Single,SupremeSoft�� Treatment Bed Makeover,2043,TMOSUP : TMOSUPHH35,,,,,,
16,Distributor UK Single,SupremeSoft�� Treatment Bed Makeover,2044,TMOSUP : TMOSUPN35,,,,,,
16,Distributor UK Single,SupremeSoft�� Treatment Bed Makeover,2045,TMOSUP : TMOSUPN16,,,,,,
16,Distributor UK Single,SupremeSoft�� Treatment Bed Makeover,2046,TMOSUP : TMOSUPHH01,,,,,,
16,Distributor UK Single,SupremeSoft�� Treatment Bed Makeover,2047,TMOSUP : TMOSUPN01,,,,,,
16,Distributor UK Single,Small brushed cotton shoe bag,2048,SHOE BAG WIDE,,,,,,
16,Distributor UK Single,Elegance Bathrobe No Hood Couples Gift set,2050,BVENHGS : BVENHGSM&M01,,,,,,
16,Distributor UK Single,Elegance Bathrobe No Hood Couples Gift set,2051,BVENHGS : BVENHGSM&XL01,,,,,,
16,Distributor UK Single,Elegance Bathrobe No Hood Couples Gift set,2052,BVENHGS : BVENHGSXL&XL01,,,,,,
16,Distributor UK Single,Elegance Bathrobe with Hood Couples Gift Set,2054,BVEWHGS : BVEWHGSM&M01,,,,,,
16,Distributor UK Single,Elegance Bathrobe with Hood Couples Gift Set,2055,BVEWHGS : BVEWHGSM&XL01,,,,,,
16,Distributor UK Single,Elegance Bathrobe with Hood Couples Gift Set,2056,BVEWHGS : BVEWHGSXL&XL01,,,,,,
16,Distributor UK Single,Exquisite Bathrobe Couples Gift Set,2058,BEXGS : BEXGSM&M01,,,,,,
16,Distributor UK Single,Exquisite Bathrobe Couples Gift Set,2059,BEXGS : BEXGSM&XL01,,,,,,
16,Distributor UK Single,Exquisite Bathrobe Couples Gift Set,2060,BEXGS : BEXGSXL&XL01,,,,,,
16,Distributor UK Single,Sumptuous Bathrobe Couples Gift Set,2088,BSUGS : BSUGSM&M01,,,,,,
16,Distributor UK Single,Sumptuous Bathrobe Couples Gift Set,2089,BSUGS : BSUGSM&XL01,,,,,,
16,Distributor UK Single,Sumptuous Bathrobe Couples Gift Set,2090,BSUGS : BSUGSXL&XL01,,,,,,
16,Distributor UK Single,Gold Paper,2092,Gold-Paper,,,,,,
16,Distributor UK Single,Gold Paper & Presenation Box,2093,Gold Paper & Presentation Box,,,,,,
16,Distributor UK Single,Silver Paper,2094,Silver Paper,,,,,,
16,Distributor UK Single,Silver Paper & Presentation Box,2095,Silver Paper & Presentation Box,,,,,,
16,Distributor UK Single,Brown Paper,2096,Brown Paper,,,,,,
16,Distributor UK Single,Brown Paper & Presentation Box,2097,Brown Paper & Presentation Box,,,,,,
16,Distributor UK Single,Winter Warmer Gift Set,2167,WINTERWARMER : WINTERWARMERM16,,,,,,
16,Distributor UK Single,Winter Warmer Gift Set,2168,WINTERWARMER : WINTERWARMERXL16,,,,,,
16,Distributor UK Single,Winter Warmer Gift Set,2169,WINTERWARMER : WINTERWARMERM01,,,,,,
16,Distributor UK Single,Winter Warmer Gift Set,2170,WINTERWARMER : WINTERWARMERXL01,,,,,,
16,Distributor UK Single,Mini Pamper Towelling Gift Set,2178,MINIPAMPERSET : MINIPAMPERSET16,,,,,,
16,Distributor UK Single,Mini Pamper Towelling Gift Set,2179,MINIPAMPERSET : MINIPAMPERSET01,,,,,,
16,Distributor UK Single,Deluxe Pamper Bathrobe & Towel Gift Set,2181,DELUXEPAMPERSET : DELUXEPAMPERSETM16,,,,,,
16,Distributor UK Single,Deluxe Pamper Bathrobe & Towel Gift Set,2182,DELUXEPAMPERSET : DELUXEPAMPERSETXL16,,,,,,
16,Distributor UK Single,Deluxe Pamper Bathrobe & Towel Gift Set,2183,DELUXEPAMPERSET : DELUXEPAMPERSETM01,,,,,,
16,Distributor UK Single,Deluxe Pamper Bathrobe & Towel Gift Set,2184,DELUXEPAMPERSET : DELUXEPAMPERSETXL01,,,,,,
16,Distributor UK Single,Personalised Gym Towelling Gift Set,2186,LEISURESET : LEISURESET03,,,,,,
16,Distributor UK Single,Personalised Gym Towelling Gift Set,2187,LEISURESET : LEISURESET16,,,,,,
16,Distributor UK Single,Personalised Gym Towelling Gift Set,2188,LEISURESET : LEISURESET01,,,,,,
16,Distributor UK Single,Comfy Premium Towelling Bathrobe 400gsm,2624,BCO : BCOBL01,,,,,,
16,Distributor UK Single,Comfy Premium Towelling Bathrobe 400gsm,2626,BCO : BCOS01,1,20.92,5,20.92,10,20.92
16,Distributor UK Single,Comfy Premium Towelling Bathrobe 400gsm,2628,BCO : BCOXL01,1,20.92,5,20.92,10,20.92
16,Distributor UK Single,Comfy Premium Towelling Bathrobe 400gsm,2632,BCO : BCOXL35,1,26.39,5,26.39,10,26.39
16,Distributor UK Single,Comfy Premium Towelling Bathrobe 400gsm,2634,BCO : BCOM16,1,22.94,5,22.94,10,22.94
16,Distributor UK Single,Comfy Premium Towelling Bathrobe 400gsm,2636,BCO : BCOXL16,1,26.39,5,26.39,10,26.39
16,Distributor UK Single,Comfy Premium Towelling Bathrobe 400gsm,2638,BCO : BCOBL35,,,,,,
16,Distributor UK Single,Comfy Premium Towelling Bathrobe 400gsm,2640,BCO : BCOM01,1,20.92,5,20.92,10,20.92
16,Distributor UK Single,SupremeSoft�� Bathrobe Couples Gift,2654,BSUPGS : BSUPGSXL&XL08,,,,,,
16,Distributor UK Single,SupremeSoft�� Bathrobe Couples Gift,2656,BSUPGS : BSUPGSM&M35,,,,,,
16,Distributor UK Single,SupremeSoft�� Bathrobe Couples Gift,2659,BSUPGS : BSUPGSM&XL35,,,,,,
16,Distributor UK Single,SupremeSoft�� Bathrobe Couples Gift,2661,BSUPGS : BSUPGSXL&XL35,,,,,,
16,Distributor UK Single,SupremeSoft�� Bathrobe Couples Gift,2664,BSUPGS : BSUPGSM&XXL35,,,,,,
16,Distributor UK Single,SupremeSoft�� Bathrobe Couples Gift,2666,BSUPGS : BSUPGSXL&XXL35,,,,,,
16,Distributor UK Single,SupremeSoft�� Bathrobe Couples Gift,2669,BSUPGS : BSUPGSXXL&XXL35,,,,,,
16,Distributor UK Single,SupremeSoft�� Bathrobe Couples Gift,2671,BSUPGS : BSUPGSM&M14,,,,,,
16,Distributor UK Single,SupremeSoft�� Bathrobe Couples Gift,2674,BSUPGS : BSUPGSM&XL14,,,,,,
16,Distributor UK Single,SupremeSoft�� Bathrobe Couples Gift,2676,BSUPGS : BSUPGSM&XXL14,,,,,,
16,Distributor UK Single,SupremeSoft�� Bathrobe Couples Gift,2677,BSUPGS : BSUPGSXL&XXL14,,,,,,
16,Distributor UK Single,Sumptuous Towels 650gsm,2678,TSU : TSUFC01,1,0.74,120,0.74,240,0.74
16,Distributor UK Single,SupremeSoft�� Bathrobe Couples Gift,2679,BSUPGS : BSUPGSXXL&XXL14,,,,,,
16,Distributor UK Single,Sumptuous Towels 650gsm,2680,TSU : TSUBM901,1,4.82,5,4.82,40,4.82
16,Distributor UK Single,SupremeSoft�� Bathrobe Couples Gift,2681,BSUPGS : BSUPGSM&M16,,,,,,
16,Distributor UK Single,Sumptuous Towels 650gsm,2682,TSU : TSUBS01,1,15.23,5,15.23,12,15.23
16,Distributor UK Single,SupremeSoft�� Bathrobe Couples Gift,2683,BSUPGS : BSUPGSM&XL16,,,,,,
16,Distributor UK Single,Sumptuous Towels 650gsm,2684,TSU : TSUBS04,1,17.54,5,17.54,12,17.54
16,Distributor UK Single,SupremeSoft�� Bathrobe Couples Gift,2685,BSUPGS : BSUPGSXL&XL16,,,,,,
16,Distributor UK Single,Sumptuous Towels 650gsm,2686,TSU : TSUBS16,1,17.54,5,17.54,12,17.54
16,Distributor UK Single,SupremeSoft�� Bathrobe Couples Gift,2687,BSUPGS : BSUPGSM&XXL16,,,,,,
16,Distributor UK Single,Sumptuous Towels 650gsm,2688,TSU : TSUBS35,1,17.54,5,17.54,12,17.54
16,Distributor UK Single,SupremeSoft�� Bathrobe Couples Gift,2689,BSUPGS : BSUPGSXL&XXL16,,,,,,
16,Distributor UK Single,Sumptuous Towels 650gsm,2690,TSU : TSUBSXL01,1,18.05,5,18.05,10,18.05
16,Distributor UK Single,SupremeSoft�� Bathrobe Couples Gift,2691,BSUPGS : BSUPGSXXL&XXL16,,,,,,
16,Distributor UK Single,Sumptuous Towels 650gsm,2692,TSU : TSUBSXL04,1,20.32,5,20.32,10,20.32
16,Distributor UK Single,SupremeSoft�� Bathrobe Couples Gift,2693,BSUPGS : BSUPGSM&M01,,,,,,
16,Distributor UK Single,Sumptuous Towels 650gsm,2694,TSU : TSUBSXL16,1,20.32,5,20.32,10,20.32
16,Distributor UK Single,SupremeSoft�� Bathrobe Couples Gift,2695,BSUPGS : BSUPGSM&XL01,,,,,,
16,Distributor UK Single,Sumptuous Towels 650gsm,2696,TSU : TSUBSXL35,1,20.32,5,20.32,10,20.32
16,Distributor UK Single,SupremeSoft�� Bathrobe Couples Gift,2697,BSUPGS : BSUPGSXL&XL01,,,,,,
16,Distributor UK Single,Sumptuous Towels 650gsm,2698,TSU : TSUBT01,1,8.43,5,8.43,21,8.43
16,Distributor UK Single,SupremeSoft�� Bathrobe Couples Gift,2699,BSUPGS : BSUPGSM&XXL01,,,,,,
16,Distributor UK Single,Sumptuous Towels 650gsm,2700,TSU : TSUBT04,1,11.02,5,11.02,21,11.02
16,Distributor UK Single,SupremeSoft�� Bathrobe Couples Gift,2701,BSUPGS : BSUPGSXL&XXL01,,,,,,
16,Distributor UK Single,Sumptuous Towels 650gsm,2702,TSU : TSUBT35,1,11.02,5,11.02,21,11.02
16,Distributor UK Single,SupremeSoft�� Bathrobe Couples Gift,2703,BSUPGS : BSUPGSXXL&XXL01,,,,,,
16,Distributor UK Single,Sumptuous Towels 650gsm,2704,TSU : TSUHT01,1,4.21,5,4.21,36,4.21
16,Distributor UK Single,SupremeSoft�� Bathrobe Couples Gift,2705,BSUPGS : BSUPGSXL&XL14,,,,,,
16,Distributor UK Single,Sumptuous Towels 650gsm,2706,TSU : TSUHT04,1,4.87,5,4.87,36,4.87
16,Distributor UK Single,Sumptuous Towels 650gsm,2709,TSU : TSUHT16,1,4.87,5,4.87,36,4.87
16,Distributor UK Single,Sumptuous Towels 650gsm,2711,TSU : TSUHT35,1,4.87,5,4.87,36,4.87
16,Distributor UK Single,Sumptuous Towels 650gsm,2713,TSU : TSUBSXL14,1,20.32,5,20.32,10,20.32
16,Distributor UK Single,Sumptuous Towels 650gsm,2715,TSU : TSUBT16,1,11.02,5,11.02,21,11.02
16,Distributor UK Single,SwimSoft Towelling Poncho,2717,BSSP : BSSPM35,1,22.17,5,22.17,20,22.17
16,Distributor UK Single,SwimSoft Towelling Poncho,2719,BSSP : BSSPXL35,1,25.46,5,25.46,20,25.46
16,Distributor UK Single,SwimSoft Towelling Poncho,2722,BSSP : BSSP716,1,15.38,5,15.38,25,15.38
16,Distributor UK Single,SwimSoft Towelling Poncho,2724,BSSP : BSSPM16,1,22.17,5,22.17,20,22.17
16,Distributor UK Single,SwimSoft Towelling Poncho,2727,BSSP : BSSPXL16,1,25.46,5,25.46,20,25.46
16,Distributor UK Single,SwimSoft Towelling Poncho,2729,BSSP : BSSP416,1,13.94,5,13.94,25,13.94
16,Distributor UK Single,Sumptuous Luxury Towelling Bathrobe 550gsm,2735,BSU : BSUM01,1,30.46,5,30.46,8,30.46
16,Distributor UK Single,Sumptuous Luxury Towelling Bathrobe 550gsm,2737,BSU : BSUXL01,1,30.46,5,30.46,8,30.46
16,Distributor UK Single,Serene Luxury Velour Waffle Bathrobes 420gsm,2738,BSER : BSERBL04,,,,,,
16,Distributor UK Single,Serene Luxury Velour Waffle Bathrobes 420gsm,2740,BSER : BSERBL35,,,,,,
16,Distributor UK Single,Serene Luxury Velour Waffle Bathrobes 420gsm,2742,BSER : BSERM01,1,28.83,5,28.83,10,28.83
16,Distributor UK Single,Serene Luxury Velour Waffle Bathrobes 420gsm,2743,BSER : BSERM35,1,20.99,5,20.99,10,20.99
16,Distributor UK Single,SupremeSoft�� XL Treatment T,2744,TSUP+ : TSUPTB13,1,26.35,5,26.35,12,26.35
16,Distributor UK Single,Serene Luxury Velour Waffle Bathrobes 420gsm,2745,BSER : BSERXL01,1,28.83,5,28.83,10,28.83
16,Distributor UK Single,SupremeSoft�� XL Treatment T,2746,TSUP+ : TSUPTBHHCXL13,1,26.78,5,26.78,10,26.78
16,Distributor UK Single,Serene Luxury Velour Waffle Bathrobes 420gsm,2747,BSER : BSERXL04,1,20.99,5,20.99,10,20.99
16,Distributor UK Single,SupremeSoft�� XL Treatment T,2748,TSUP+ : TSUPTB01,1,23.34,5,23.34,14,23.34
16,Distributor UK Single,Serene Luxury Velour Waffle Bathrobes 420gsm,2749,BSER : BSERXL35,1,20.99,5,20.99,10,20.99
16,Distributor UK Single,Serene Luxury Velour Waffle Bathrobes 420gsm,2751,BSER : BSERXXL01,1,38.33,5,38.33,8,38.33
16,Distributor UK Single,SupremeSoft�� XL Treatment T,2752,TSUP+ : TSUPTB35,1,26.35,5,26.35,12,26.35
16,Distributor UK Single,Serene Luxury Velour Waffle Bathrobes 420gsm,2753,BSER : BSERXXL04,,,,,,
16,Distributor UK Single,SupremeSoft�� XL Treatment T,2754,TSUP+ : TSUPTBHHC01,1,23.81,5,23.81,10,23.81
16,Distributor UK Single,Serene Luxury Velour Waffle Bathrobes 420gsm,2755,BSER : BSERXXL35,1,38.33,5,38.33,8,38.33
16,Distributor UK Single,SupremeSoft�� XL Treatment T,2756,TSUP+ : TSUPTBHHCXL16,1,26.78,5,26.78,10,26.78
16,Distributor UK Single,SupremeSoft�� XL Treatment T,2758,TSUP+ : TSUPTBHHCXL35,1,26.78,5,26.78,10,26.78
16,Distributor UK Single,Elegance Towels 600gsm,2760,TEL : TELBS01,1,9.81,5,9.81,14,9.81
16,Distributor UK Single,Elegance Towels 600gsm,2762,TEL : TELBS04,1,12.4,5,12.4,14,12.4
16,Distributor UK Single,Elegance Towels 600gsm,2764,TEL : TELBS16,1,12.4,5,12.4,14,12.4
16,Distributor UK Single,Elegance Towels 600gsm,2766,TEL : TELBS35,1,12.4,5,12.4,14,12.4
16,Distributor UK Single,SupremeSoft 300gsm Eye Mask,2767,TSUP- : TSUPEM35,1,4.15,12,4.15,,
16,Distributor UK Single,Elegance Towels 600gsm,2768,TEL : TELBS514,1,11.06,5,11.06,14,11.06
16,Distributor UK Single,Elegance Towels 600gsm,2769,TEL : TELBT01,1,6.29,5,6.29,24,6.29
16,Distributor UK Single,SmartKnit�� Towels 550,2770,TSK- : TSK550BS501,1,9.77,5,9.77,14,9.77
16,Distributor UK Single,Elegance Towels 600gsm,2771,TEL : TELBT04,1,2.81,5,2.81,24,2.81
16,Distributor UK Single,SmartKnit�� Towels 550,2772,TSK- : TSK550BT01,1,5.92,5,5.92,24,5.92
16,Distributor UK Single,Elegance Towels 600gsm,2773,TEL : TELHT01,1,2.96,5,2.96,52,2.96
16,Distributor UK Single,SmartKnit�� Towels 550,2774,TSK- : TSK550HT01,1,3.01,5,3.01,52,3.01
16,Distributor UK Single,Elegance Towels 600gsm,2775,TEL : TELHT04,1,4.03,5,4.03,52,4.03
16,Distributor UK Single,Elegance Towels 600gsm,2776,TEL : TELHT14,1,4.03,5,4.03,52,4.03
16,Distributor UK Single,SupremeSoft�� Header T,2777,TSUP-- : TSUPHHC01,1,6.89,5,6.89,75,6.89
16,Distributor UK Single,Elegance Towels 600gsm,2778,TEL : TELHT16,1,4.03,5,4.03,52,4.03
16,Distributor UK Single,Elegance Towels 600gsm,2779,TEL : TELHT35,1,4.03,5,4.03,52,4.03
16,Distributor UK Single,SupremeSoft�� Header T,2780,TSUP-- : TSUPHHC16,1,7.78,5,7.78,75,7.78
16,Distributor UK Single,SupremeSoft�� Header T,2781,TSUP-- : TSUPHHC35,1,7.78,5,7.78,75,7.78
16,Distributor UK Single,Elegance Towels 600gsm,2782,TEL : TELBS501,1,8.89,5,8.89,14,8.89
16,Distributor UK Single,Fleecy 300gsm Bathrobe With Hood For Kids,2790,BFLCH : BFLCH10-11,1,14.44,5,14.44,16,14.44
16,Distributor UK Single,Fleecy 300gsm Bathrobe With Hood For Kids,2791,BFLCH : BFLCH2-3,1,13.2,5,13.2,20,13.2
16,Distributor UK Single,Fleecy 300gsm Bathrobe With Hood For Kids,2792,BFLCH : BFLCH4-5,1,13.2,5,13.2,20,13.2
16,Distributor UK Single,Fleecy 300gsm Bathrobe With Hood For Kids,2793,BFLCH : BFLCH6-7,1,13.2,5,13.2,20,13.2
16,Distributor UK Single,Fleecy 300gsm Bathrobe With Hood For Kids,2794,BFLCH : BFLCH8-9,1,14.44,5,14.44,16,14.44
16,Distributor UK Single,Comfy Towels 450gsm,2796,TCO : TCOB1501,1,6.43,5,6.43,20,6.43
16,Distributor UK Single,Comfy Towels 450gsm,2797,TCO : TCOBS03,1,11.06,5,11.06,20,11.06
16,Distributor UK Single,Comfy Towels 450gsm,2798,TCO : TCOBS04,1,11.06,5,11.06,20,11.06
16,Distributor UK Single,Comfy Towels 450gsm,2799,TCO : TCOBS08,1,11.06,5,11.06,20,11.06
16,Distributor UK Single,Comfy Towels 450gsm,2800,TCO : TCOBS14,1,11.06,5,11.06,20,11.06
16,Distributor UK Single,Comfy Towels 450gsm,2801,TCO : TCOBS16,1,11.06,5,11.06,20,11.06
16,Distributor UK Single,Comfy Towels 450gsm,2803,TCO : TCOBS23,1,11.06,5,11.06,20,11.06
16,Distributor UK Single,Comfy Towels 450gsm,2804,TCO : TCOBS36,1,11.06,5,11.06,20,11.06
16,Distributor UK Single,Comfy Towels 450gsm,2805,TCO : TCOBT01,1,3.98,5,3.98,36,3.98
16,Distributor UK Single,Comfy Towels 450gsm,2806,TCO : TCOBT03,1,6.43,5,6.43,36,6.43
16,Distributor UK Single,Comfy Towels 450gsm,2807,TCO : TCOBT04,1,6.43,5,6.43,36,6.43
16,Distributor UK Single,Comfy Towels 450gsm,2808,TCO : TCOBT08,1,6.43,5,6.43,36,6.43
16,Distributor UK Single,Comfy Towels 450gsm,2809,TCO : TCOBT10,1,6.43,5,6.43,36,6.43
16,Distributor UK Single,Comfy Towels 450gsm,2810,TCO : TCOBT14,1,6.43,5,6.43,36,6.43
16,Distributor UK Single,Comfy Towels 450gsm,2811,TCO : TCOBT16,1,6.43,5,6.43,36,6.43
16,Distributor UK Single,Comfy Towels 450gsm,2813,TCO : TCOBT23,1,6.43,5,6.43,36,6.43
16,Distributor UK Single,Comfy Towels 450gsm,2814,TCO : TCOBT35,1,6.43,5,6.43,36,6.43
16,Distributor UK Single,Comfy Towels 450gsm,2815,TCO : TCOBT36,1,6.43,5,6.43,36,6.43
16,Distributor UK Single,Comfy Towels 450gsm,2816,TCO : TCOFC01,1,0.55,108,0.55,216,0.55
16,Distributor UK Single,Comfy Towels 450gsm,2818,TCO : TCOFC03,1,0.84,5,0.84,216,0.84
16,Distributor UK Single,Comfy Towels 450gsm,2819,TCO : TCOFC04,1,0.84,5,0.84,216,0.84
16,Distributor UK Single,Comfy Towels 450gsm,2820,TCO : TCOFC08,1,0.84,5,0.84,216,0.84
16,Distributor UK Single,Comfy Towels 450gsm,2821,TCO : TCOFC10,,,,,,
16,Distributor UK Single,Comfy Towels 450gsm,2822,TCO : TCOFC14,,,,,,
16,Distributor UK Single,Comfy Towels 450gsm,2823,TCO : TCOFC16,1,0.84,5,0.84,216,0.84
16,Distributor UK Single,Comfy Towels 450gsm,2825,TCO : TCOFC23,,,,,,
16,Distributor UK Single,Comfy Towels 450gsm,2826,TCO : TCOFC35,1,0.84,5,0.84,216,0.84
16,Distributor UK Single,Comfy Towels 450gsm,2827,TCO : TCOHT01,1,2.09,10,2.09,60,2.09
16,Distributor UK Single,Comfy Towels 450gsm,2828,TCO : TCOHT03,1,3.56,5,3.56,60,3.56
16,Distributor UK Single,Comfy Towels 450gsm,2829,TCO : TCOHT04,1,3.56,5,3.56,60,3.56
16,Distributor UK Single,Comfy Towels 450gsm,2830,TCO : TCOHT08,1,3.56,5,3.56,60,3.56
16,Distributor UK Single,Comfy Towels 450gsm,2831,TCO : TCOHT10,1,3.56,5,3.56,60,3.56
16,Distributor UK Single,Comfy Towels 450gsm,2832,TCO : TCOHT14,1,3.56,5,3.56,60,3.56
16,Distributor UK Single,Comfy Towels 450gsm,2833,TCO : TCOHT16,1,3.56,5,3.56,60,3.56
16,Distributor UK Single,Comfy Towels 450gsm,2835,TCO : TCOHT23,1,3.56,5,3.56,60,3.56
16,Distributor UK Single,Comfy Towels 450gsm,2836,TCO : TCOHT35,1,3.56,5,3.56,60,3.56
16,Distributor UK Single,Comfy Towels 450gsm,2837,TCO : TCOHT36,1,3.56,5,3.56,60,3.56
16,Distributor UK Single,Comfy Towels 450gsm,2838,TCO : TCOBS01,1,6.94,5,6.94,20,6.94
16,Distributor UK Single,Comfy Towels 450gsm,2839,TCO : TCOBS35,1,11.06,5,11.06,20,11.06
16,Distributor UK Single,Comfy Hot/Gym Towels 450gsm,2856,TCO- : TCOHO01,1,1.44,10,1.44,100,1.44
16,Distributor UK Single,Comfy Hot/Gym Towels 450gsm,2858,TCO- : TCOHO04,1,2.14,5,2.14,100,2.14
16,Distributor UK Single,Comfy Hot/Gym Towels 450gsm,2859,TCO- : TCOHO16,1,2.14,5,2.14,100,2.14
16,Distributor UK Single,Comfy Hot/Gym Towels 450gsm,2860,TCO- : TCOHO35,1,2.14,5,2.14,100,2.14
16,Distributor UK Single,Towelling Face and Body Wash Mitts,2861,TCO-- : TCOTM01,1,0.65,192,0.65,300,0.65
16,Distributor UK Single,Towelling Face and Body Wash Mitts,2862,TCO-- : TCOTM03,1,0.84,192,0.84,300,0.84
16,Distributor UK Single,Towelling Face and Body Wash Mitts,2863,TCO-- : TCOTM08,1,0.84,192,0.84,300,0.84
16,Distributor UK Single,Towelling Face and Body Wash Mitts,2864,TCO-- : TCOTM16,1,0.84,192,0.84,300,0.84
16,Distributor UK Single,Towelling Face and Body Wash Mitts,2865,TCO-- : TCOTM19,1,0.84,192,0.84,384,0.84
16,Distributor UK Single,Towelling Face and Body Wash Mitts,2866,TCO-- : TCOTM35,1,0.84,192,0.84,300,0.84
16,Distributor UK Single,Flip Flops For Adults and Children,2867,SRUFL : SRUFL6-716,1,1.2,50,0.92,,
16,Distributor UK Single,Flip Flops For Adults and Children,2868,SRUFL : SRUFLM16,1,1.2,50,1.2,,
16,Distributor UK Single,Flip Flops For Adults and Children,2869,SRUFL : SRUFLS16,1,1.2,50,1.2,,
16,Distributor UK Single,Flip Flops For Adults and Children,2870,SRUFL : SRUFLXL16,1,1.2,50,1.2,,
16,Distributor UK Single,Children's Open Toe Towelling Slippers,2879,STO- : STOOPBB201,1,0.56,100,0.48,,
16,Distributor UK Single,Children's Open Toe Towelling Slippers,2880,STO- : STOOPBB501,1,0.56,100,0.48,,
16,Distributor UK Single,Children's Open Toe Towelling Slippers,2881,STO- : STOOPBB701,1,0.56,100,0.48,,
16,Distributor UK Single,Children's Open Toe Towelling Slippers,2882,STO- : STOOPBB901,1,0.56,100,0.48,,
16,Distributor UK Single,SupremeSoft�� Luxury Bathrobe 30,2887,BSUP : BSUPXL13,1,26.26,5,26.26,12,26.26
16,Distributor UK Single,SupremeSoft�� Luxury Bathrobe 30,2888,BSUP : BSUPXXL13,1,28.2,5,28.2,10,28.2
16,Distributor UK Single,SupremeSoft�� Luxury Bathrobe 30,2889,BSUP : BSUP4XL01,1,28.11,5,28.11,10,28.11
16,Distributor UK Single,SupremeSoft�� Luxury Bathrobe 30,2890,BSUP : BSUPBL13,,,,,,
16,Distributor UK Single,SupremeSoft�� Luxury Bathrobe 30,2891,BSUP : BSUPBL01,,,,,,
16,Distributor UK Single,SupremeSoft�� Luxury Bathrobe 30,2892,BSUP : BSUPBL08,,,,,,
16,Distributor UK Single,SupremeSoft�� Luxury Bathrobe 30,2893,BSUP : BSUPBL14,,,,,,
16,Distributor UK Single,SupremeSoft�� Luxury Bathrobe 30,2894,BSUP : BSUPBL16,,,,,,
16,Distributor UK Single,SupremeSoft�� Luxury Bathrobe 30,2895,BSUP : BSUPBL35,,,,,,
16,Distributor UK Single,SupremeSoft�� Luxury Bathrobe 30,2896,BSUP : BSUPM01,1,23.33,5,23.33,12,23.33
16,Distributor UK Single,SupremeSoft�� Luxury Bathrobe 30,2897,BSUP : BSUPM14,1,26.26,5,26.26,12,26.26
16,Distributor UK Single,SupremeSoft�� Luxury Bathrobe 30,2898,BSUP : BSUPM16,1,26.26,5,26.26,12,26.26
16,Distributor UK Single,SupremeSoft�� Luxury Bathrobe 30,2899,BSUP : BSUPM35,1,26.26,5,26.26,12,26.26
16,Distributor UK Single,SupremeSoft�� Luxury Bathrobe 30,2900,BSUP : BSUPS16,1,23.87,5,23.87,12,23.87
16,Distributor UK Single,SupremeSoft�� Luxury Bathrobe 30,2901,BSUP : BSUPXL14,1,26.26,5,26.26,12,26.26
16,Distributor UK Single,SupremeSoft�� Luxury Bathrobe 30,2902,BSUP : BSUPXXL01,1,24.75,5,24.75,12,24.75
16,Distributor UK Single,SupremeSoft�� Luxury Bathrobe 30,2903,BSUP : BSUPXXL35,1,28.2,5,28.2,12,28.2
16,Distributor UK Single,SupremeSoft�� Luxury Bathrobe 30,2904,BSUP : BSUPXL08,1,26.26,5,26.26,12,26.26
16,Distributor UK Single,SupremeSoft�� Luxury Bathrobe 30,2905,BSUP : BSUPXXL16,1,28.2,5,28.2,12,28.2
16,Distributor UK Single,SupremeSoft�� Luxury Bathrobe 30,2906,BSUP : BSUPXL35,1,26.26,5,26.26,12,26.26
16,Distributor UK Single,SupremeSoft�� Luxury Bathrobe 30,2907,BSUP : BSUPXXL14,1,28.2,5,28.2,12,28.2
16,Distributor UK Single,SupremeSoft�� Luxury Bathrobe 30,2908,BSUP : BSUPXL16,1,26.26,5,26.26,12,26.26
16,Distributor UK Single,SupremeSoft�� Luxury Bathrobe 30,2909,BSUP : BSUPXL01,1,23.33,5,23.33,12,23.33
16,Distributor UK Single,SupremeSoft�� Luxury Bathrobe 30,2910,BSUP : BSUPM13,1,26.26,5,26.26,12,26.26
16,Distributor UK Single,SupremeSoft�� Luxury Bathrobe 30,2911,BSUP : BSUPXXL08,1,25.65,5,25.65,12,25.65
16,Distributor UK Single,Personalised Children's Bath Time Set,2928,CHBTGS22 : CHBTGS2210-11,,,,,,
16,Distributor UK Single,Personalised Children's Bath Time Set,2929,CHBTGS22 : CHBTGS222-3,,,,,,
16,Distributor UK Single,Personalised Children's Bath Time Set,2930,CHBTGS22 : CHBTGS224-5,,,,,,
16,Distributor UK Single,Personalised Children's Bath Time Set,2931,CHBTGS22 : CHBTGS226-7,,,,,,
16,Distributor UK Single,Personalised Children's Bath Time Set,2932,CHBTGS22 : CHBTGS228-9,,,,,,
16,Distributor UK Single,SupremeSoft�� XL Treatment T,2972,TSUP+ : TSUPTB16,1,26.35,5,26.35,12,26.35
16,Distributor UK Single,Personalised Children's Bath Time Set - Available in 3 Fun Motifs!,3008,CHBTGS23 : CHBTGS232-3,,,,,,
16,Distributor UK Single,Personalised Children's Bath Time Set - Available in 3 Fun Motifs!,3009,CHBTGS23 : CHBTGS234-5,,,,,,
16,Distributor UK Single,Personalised Children's Bath Time Set - Available in 3 Fun Motifs!,3010,CHBTGS23 : CHBTGS236-7,,,,,,
16,Distributor UK Single,Personalised Children's Bath Time Set - Available in 3 Fun Motifs!,3011,CHBTGS23 : CHBTGS238-9,,,,,,
16,Distributor UK Single,Personalised Children's Bath Time Set - Available in 3 Fun Motifs!,3012,CHBTGS23 : CHBTGS2310-11,,,,,,
16,Distributor UK Single,SupremeSoft�� Luxury Bathrobe 30,3037,BSUP-WH-XX,1,26.92,5,26.92,10,26.92
16,Distributor UK Single,SupremeSoft�� Luxury Bathrobe 30,3039,BSUP-SI-XX,1,31.8,5,31.8,10,31.8
16,Distributor UK Single,SupremeSoft�� Luxury Bathrobe 30,3041,BSUP-SL-XX,1,31.8,5,31.8,10,31.8
16,Distributor UK Single,SupremeSoft�� Luxury Bathrobe 30,3044,BSUP-PE-XX,1,31.8,5,31.8,10,31.8
16,Distributor UK Single,SupremeSoft�� Luxury Bathrobe 30,3051,BSUP-SA-XX,1,31.8,5,31.8,10,31.8
16,Distributor UK Single,SupremeSoft�� Treatment Bed Makeover,3053,TMOSUP : TMOSUPHH16,,,,,,
16,Distributor UK Single,Comfy Towels 450gsm,3072,TCO : TCOBS13,1,11.06,5,11.06,20,11.06
16,Distributor UK Single,Comfy Towels 450gsm,3075,TCO : TCOHT13,1,3.56,5,3.56,60,3.56
16,Distributor UK Single,Comfy 450gsm Make Up Face Cloth Slate Grey,3076,TCOFCMU16,1,1.51,12,1.51,216,1.51
16,Distributor UK Single,Closed Toe Velour Slippers,3089,SVE : SVECLBB01,1,0.95,100,0.95,,
16,Distributor UK Single,Closed Toe Velour Slippers,3090,SVE : SVECL08,1,0.95,100,0.78,,
16,Distributor UK Single,Sumptuous - Ivory 550gsm Bathrobe,3093,BSUXL04,,,,,,
16,Distributor UK Single,Comfy Hot/Gym Towels 450gsm (Brown),3104,TCOHO03,1,2.14,5,2.14,100,2.14
16,Distributor UK Single,Comfy Premium Beige Face Cloth 450gsm,3106,TCOFC02,,,,,,
16,Distributor UK Single,Comfy Gold Face Cloth 450gsm,3107,TCOFC10,,,,,,
16,Distributor UK Single,Comfy Coloured Premium Beige Bath Mat 700gsm,3108,TCOBM02,,,,,,
16,Distributor UK Single,Comfy Purple Bath Mat 700gsm,3109,TCOBM20,,,,,,
16,Distributor UK Single,Pure Linen Deluxe - Oxford Pillow Case,3112,LPUDPC : LPUDPC35,,,,,,
16,Distributor UK Single,Pure Linen Deluxe - Oxford Pillow Case,3113,LPUDPC : LPUDPC01,,,,,,
16,Distributor UK Single,Circular Knitted Elasticated Covers,3116,TCKECMO1M01,1,42,10,42,20,37.8
16,Distributor UK Single,SupremeSoft�� Elasticated Cradle C,3117,,1,6.27,5,6.27,150,6.27
16,Distributor UK Single,SupremeSoft�� Deluxe 400gsm Treatment T,3118,TSUP400 : TSUP400TB35,1,30.24,5,30.24,10,30.24
16,Distributor UK Single,SRUFLM35,3120,SRUFLM35,1,1.2,50,1.2,,
16,Distributor UK Single,SRUFLXL35,3121,SRUFLXL35,1,1.2,50,1.2,,
16,Distributor UK Single,Pure Linen Deluxe Duvet,3128,LPUDD01,,,,,,
16,Distributor UK Single,Opulence Towels 650 gsm,3179,TOP : TOPBT01,1,7.77,5,7.77,21,7.77
16,Distributor UK Single,SupremeSoft�� Deluxe 400gsm Treatment T,3189,TSUP400TB16,1,30.24,5,30.24,10,30.24
16,Distributor UK Single,SupremeSoft�� Deluxe 400gsm Treatment T,3190,TSUP400TBHHC16,1,35.67,4,35.67,8,35.67
16,Distributor UK Single,Zen Bathrobe 220gsm,3194,BZE : BZEXL01,1,15.37,5,15.37,20,15.37
16,Distributor UK Single,Zen Bathrobe 220gsm,3195,BZE : BZEXXL01,1,18.31,5,18.31,20,18.31
16,Distributor UK Single,SupremeSoft�� 300gsm Head,3196,TSUP&gt; : TSUPHB35,,,,,,
16,Distributor UK Single,TSELCC35,3197,TSELCC35,1,20.32,5,20.32,12,20.32
16,Distributor UK Single,SilkSoft��� Cradle,3200,LSS. : LSSECC01,1,3.47,10,3.47,100,3.47
16,Distributor UK Single,Comfy Premium Towelling Bathrobe 400gsm,3201,BCO : BCOBL19,,,,,,
16,Distributor UK Single,Healthy Waffle Effect Towelling Bathrobe 350gsm,3202,BHE : BHEBL19,,,,,,
16,Distributor UK Single,Healthy Waffle Effect Towelling Bathrobe 350gsm,3203,BHE : BHEM19,,,,,,
16,Distributor UK Single,Chequers Bath Mat 800gsm,3205,TCHBM01,1,3.29,5,3.29,50,3.29
16,Distributor UK Single,Picture Frame Bath Mat 900gsm,3206,TPFBM01,1,4.34,5,4.34,40,3.92
16,Distributor UK Single,TSUPLCC35,3207,TSUPLCC35,1,26.78,5,24.12,20,24.12
16,Distributor UK Single,Lounge and Pool Chair Covers 350gsm,3209,TSE- : TSELCC35,1,20.32,5,20.32,12,20.32
16,Distributor UK Single,Lounge and Pool Chair Covers 350gsm,3210,TSE- : TSELCC16,1,20.32,5,20.32,12,20.32

